Objeto,Valor Unitário,Quantidade,Data de assinatura,Estado
VENTILADOR MECÂNICO PARA AS UNIDADES HOSPITALARES DA SESA E UNIDADES DE SAÚDE DOS MUNICÍPIOS - ENFRENTAMENTO COVID 19,26000.0,135,26/03/2020,ES
VENTILADOR PULMONAR - PARA AS UNIDADES HOSPITALARES DA SESA E UNIDADES DE SAÚDE DOS MUNICÍPIOS - ENFRENTAMENTO COVID 19,57800.0,50,27/03/2020,ES
SWAB DE RAYON - PARA COLETA DE AMOSTRAS SUSPEITAS DO NOVO CORANAVÍRUS - LACEN - CX COM 50 DUPLAS,166.0,1000,31/03/2020,ES
AGÊNCIA DE PUBLICIDADE - COVID-19 - CAMPANHA DE COMUNICAÇÃO PARA UTILIDADE PÚBLICA - CONTRA O CORONAVÍRUS,1000000.0,1,23/03/2020,ES
ESTACAO DE PIPETACAO ROBOTIZADA - PARA REALIZAR ANÁLISES ATRAVÉS DE TÉCNICAS DE BIOLOGIA MOLECULAR NO LACEN - ENFRENTAMENTO COVID-19,511875.0,1,29/03/2020,ES
"EMPRESA DE ENGENHARIA CONSULTIVA - ELABORAÇÃO DE PROJETOS E FISCALIZAÇÃO DE OBRAS, NA CONSTRUÇÃO DE UNIDADES DE PRONTO ATENDIMENTO (UPA) E UNIDADES BÁSICAS DE SAÚDE (UBS) NOS MUNICÍPIOS EM ESTADO DE EMERGÊNCIA OU ESTADO DE CALAMIDADE PÚBLICA, E TAMBÉM PARA INTERVENÇÕES NAS UNIDADES DA REDE SESA PARA ATENDIMENTO A PACIENTES PORTADORES DO CORONOAVÍRUS (COVID-19)",2903786.0,1,01/04/2020,ES
APARELHO VENTILAÇÃO NÃO INVASIVA ARA AS UNIDADES HOSPITALARES DA SESA E UNIDADES DE SAÚDE DOS MUNICÍPIOS - ENFRENTAMENTO COVID 19,11830.0,80,31/03/2020,ES
MÁSCARA N95 -PARA UNIDADES HOSPITALARES DA SECRETARIA DE ESTADO DA SAÚDE E UNIDADES DE SAÚDE DOS MUNICÍPIOS,7.0,8400,26/03/2020,ES
MÁSCARA CIRÚRGICA DESCARTÁVEL - TNT - PARA UNIDADES HOSPITALARES DA SECRETARIA DE ESTADO DA SAÚDE E UNIDADES DE SAÚDE DOS MUNICÍPIOS - ENFRENTAMENTO COVID 19,0.0,500,26/03/2020,ES
ÁLCOOL LÍQUIDO 70% 5L PARA DESINFECÇÃO DE SUPERFÍCIES E OBJETOS NO ENFRENTAMENTO AO COVID-19  ,4.0,7000,30/03/2020,ES
ÁLCOOL GEL 500 ml - PARA ASSEPSIA DAS MÃOS DOS PROFISSIONAIS DE SAÚDE - AÇÕES DE ENFRENTAMENTO AO COVID-19  ,15.0,400000,02/04/2020,ES
ÁLCOOL LÍQUIDO 1LT - PARA ASSEPSIA DAS MÃOS DOS PROFISSIONAIS DE SAÚDE E MINIMIZAR E PREVENIR A TRANSMISSÃO DO VÍRUS  COVID 19.,11.0,200000,01/04/2020,ES
ÁLCOOL GEL 450 G - PARA ASSEPSIA DAS MÃOS DOS PROFISSIONAIS DE SAÚDE E MINIMIZAR E PREVENIR A TRANSMISSÃO DO VÍRUS  COVID 19.,8.0,38400,01/04/2020,ES
"ÁLCOOL GEL 4,5 KG - PARA ASSEPSIA DAS MÃOS DOS PROFISSIONAIS DE SAÚDE E MINIMIZAR E PREVENIR A TRANSMISSÃO DO VÍRUS  COVID 19.",84.0,3840,01/04/2020,ES
PROTETOR OCULAR PARA PREVENÇÃO DE PROFISSIONAIS QUE ESTARÃO EM CONTATO DIRETO COM PACIENTES COVID-19,4.0,437600,01/04/2020,ES
MÁSCARA CIRÚRGICA CX C/ 50 - PARA UNIDADES HOSPITALARES DA SECRETARIA DE ESTADO DA SAÚDE E UNIDADES DE SAÚDE DOS MUNICÍPIOS - ENFRENTAMENTO COVID 19,160.0,60000,06/04/2020,ES
TOUCA DESCARTÁVEL TNT - PARA UNIDADES HOSPITALARES DA SECRETARIA DE ESTADO DA SAÚDE E UNIDADES DE SAÚDE DOS MUNICÍPIOS - ENFRENTAMENTO COVID 19,0.0,2000000,03/04/2020,ES
ÁLCOOL ETÍLICO HIDRATADO 70º  FRASCO PLÁSTICO 5L - PARA ASSEPSIA DAS MÃOS DOS PROFISSIONAIS DE SAÚDE E MINIMIZAR E PREVENIR A TRANSMISSÃO DO VÍRUS  COVID 19.,10.0,2800,03/04/2020,ES
ALCOOL ANTI-SÉPTICO EM GEL  70 °- 70ÁLCOOL 5L - PARA ASSEPSIA DAS MÃOS DOS PROFISSIONAIS DE SAÚDE E MINIMIZAR E PREVENIR A TRANSMISSÃO DO VÍRUS  COVID 19.,40.0,6000,03/04/2020,ES
ÁLCOOL GEL - PARA ASSEPSIA DAS MÃOS DOS PROFISSIONAIS DE SAÚDE E MINIMIZAR E PREVENIR A TRANSMISSÃO DO VÍRUS  COVID 19.,20.0,14200,01/04/2020,ES
AQUISIÇÃO DE FOCO CIRÚRGICO AUXILIAR - READEQUAÇÕES DO PROCESSO DE TRABALHO NAS UNIDADES HOSPITALARES EM DECORRÊNCIA DO COVID-19,22532.0,6,03/04/2020,ES
PONTEIRA ESTERIL - RACK 96 PONTEIRAS - INSUMOS PARA DIAGNÓSTICO POR RT-QPCR DO NOVO CORANAVÍRUS,55.0,200,03/04/2020,ES
MICROTUBO CRIOGÊNICO - INSUMOS PARA DIAGNÓSTICO POR RT-QPCR DO NOVO CORANAVÍRUS,2.0,30000,03/04/2020,ES
SOLUÇÃO DEGRADAÇÃO RNASE - INSUMOS PARA DIAGNÓSTICO POR RT-QPCR DO NOVO CORANAVÍRUS,254.0,20,03/04/2020,ES
PLACA ÓTICA - INSUMOS PARA DIAGNÓSTICO POR RT-QPCR DO NOVO CORANAVÍRUS,19.0,200,03/04/2020,ES
PLACA ÓTICA REAÇÕES PCR INSUMOS PARA DIAGNÓSTICO POR RT-QPCR DO NOVO CORANAVÍRUS,27.0,800,03/04/2020,ES
BATERIA 9VOLTS PARA TERMÔMETROS LASER - BARREIRAS SANITÁRIAS - FRONTEIRAS,6.0,300,06/04/2020,ES
POLTRONA HOSPITALAR RECLINÁVEL - ESTRUTURA DAS UNIDADES HOSPITALARES DE REFERÊNCIA NO ENFRENTAMENTO COVID-19,990.0,120,03/04/2020,ES
CARRO DE CURATIVOS - ESTRUTURA DAS UNIDADES HOSPITALARES DE REFERÊNCIA NO ENFRENTAMENTO COVID-19,790.0,20,03/04/2020,ES
ESCADA 2 DEGRAUS - ESTRUTURA DAS UNIDADES HOSPITALARES DE REFERÊNCIA NO ENFRENTAMENTO COVID-19,210.0,200,03/04/2020,ES
SUPORTE DE SORO - ESTRUTURA DAS UNIDADES HOSPITALARES DE REFERÊNCIA NO ENFRENTAMENTO COVID-19,220.0,120,03/04/2020,ES
CADEIRA DE BANHO EM INOX - ESTRUTURA DAS UNIDADES HOSPITALARES DE REFERÊNCIA NO ENFRENTAMENTO COVID-19,1350.0,70,07/04/2020,ES
CADEIRA DE BANHO EM INOX PARA OBESO - ESTRUTURA DAS UNIDADES HOSPITALARES DE REFERÊNCIA NO ENFRENTAMENTO COVID-19,1850.0,30,07/04/2020,ES
CADEIRA DE RODA PARA OBESO - ESTRUTURA DAS UNIDADES HOSPITALARES DE REFERÊNCIA NO ENFRENTAMENTO COVID-19,3300.0,20,07/04/2020,ES
CADEIRA DE RODA PARA ADULTO - ESTRUTURA DAS UNIDADES HOSPITALARES DE REFERÊNCIA NO ENFRENTAMENTO COVID-19,1700.0,70,07/04/2020,ES
LOCAÇÃO SOB DEMANDA DE EQUIPAMENTO/ ESTRUTURA - OPERAÇÃO DE BARREIRAS SANITÁRIAS IMPLEMENTADAS NAS PRINCIPAIS RODOVIAS DE ACESSO AO ESTADO  ENFRENTAMENTO COVID 19,4447200.0,1,08/04/2020,ES
PONTEIRA LONGA COM FILTRO (rack com 96 ponteiras) - INSUMOS PARA DIAGNÓSTICO POR RT-QPCR DO NOVO CORANAVÍRUS,72.0,500,03/04/2020,ES
PONTEIRA USO LABORATORIAL UNIV. (rack com 96 ponteiras) - INSUMOS PARA DIAGNÓSTICO POR RT-QPCR DO NOVO CORANAVÍRUS,57.0,300,03/04/2020,ES
PONTEIRA USO LABORATORIAL - INSUMOS PARA DIAGNÓSTICO POR RT-QPCR DO NOVO CORANAVÍRUS,58.0,300,03/04/2020,ES
PONTEIRA USO LAB. POLIPROPILENO - INSUMOS PARA DIAGNÓSTICO POR RT-QPCR DO NOVO CORANAVÍRUS,53.0,300,03/04/2020,ES
MICROTUBO - INSUMOS PARA DIAGNÓSTICO POR RT-QPCR DO NOVO CORANAVÍRUS,0.0,15000,03/04/2020,ES
TUBO PARA CENTRÍFUGA - INSUMOS PARA DIAGNÓSTICO POR RT-QPCR DO NOVO CORANAVÍRUS,1.0,30000,03/04/2020,ES
PIPETA PASTEUR - INSUMOS PARA DIAGNÓSTICO POR RT-QPCR DO NOVO CORANAVÍRUS,0.0,30000,03/04/2020,ES
TECIDO NÃO TECIDO: TNT,4.0,29800,08/04/2020,ES
ELÁSTICO,0.0,298000,08/04/2020,ES
LINHA PARA MÁQUINA RETA,9.0,1800,08/04/2020,ES
FIO PARA COSTURA: APLICAÇÃO OVERLOCK,17.0,2700,08/04/2020,ES
ARAME LISO,0.0,89400,08/04/2020,ES
AGULHA PARA MÁQUINA RETA,19.0,30,08/04/2020,ES
AGULHA PARA MÁQUINA OVERLOCK,19.0,35,08/04/2020,ES
AGULHA PARA MÁQUINA CASEADEIRA,19.0,10,08/04/2020,ES
TESOURA DE COSTURA,178.0,200,08/04/2020,ES
FACA PARA MÁQUINA DE CORTE,148.0,3,08/04/2020,ES
ELETROCARDIÓGRAFO  - ESTRUTURA DAS UNIDADES HOSPITALARES DE REFERÊNCIA NO ENFRENTAMENTO COVID-19,8540.0,20,02/04/2020,ES
CARRO DE EMERGÊNCIA - ESTRUTURA DAS UNIDADES HOSPITALARES DE REFERÊNCIA NO ENFRENTAMENTO COVID-19,5692.0,30,02/04/2020,ES
MESA DE MAYO  - ESTRUTURA DAS UNIDADES HOSPITALARES DE REFERÊNCIA NO ENFRENTAMENTO COVID-19,380.0,100,02/04/2020,ES
SUPORTE DE SORO  - ESTRUTURA DAS UNIDADES HOSPITALARES DE REFERÊNCIA NO ENFRENTAMENTO COVID-19,290.0,200,02/04/2020,ES
LARINGOSCÓPIO RÍGIDO - ESTRUTURA DAS UNIDADES HOSPITALARES DE REFERÊNCIA NO ENFRENTAMENTO COVID-19,626.0,100,02/04/2020,ES
LARINGOSCÓPIO RÍGIDO INFANTIL - ESTRUTURA DAS UNIDADES HOSPITALARES DE REFERÊNCIA NO ENFRENTAMENTO COVID-19,500.0,4,02/04/2020,ES
CAMA FAWLER ELÉTRICA  - ESTRUTURA DAS UNIDADES HOSPITALARES DE REFERÊNCIA NO ENFRENTAMENTO COVID-19,7900.0,100,02/04/2020,ES
CAMA FAWLER PARA OBESOS - ESTRUTURA DAS UNIDADES HOSPITALARES DE REFERÊNCIA NO ENFRENTAMENTO COVID-19,16532.0,40,02/04/2020,ES
CAMA FAWLER MANUAL - ESTRUTURA DAS UNIDADES HOSPITALARES DE REFERÊNCIA NO ENFRENTAMENTO COVID-19,3500.0,70,02/04/2020,ES
CAMA FAWLER MANUAL PARA OBESOS - ESTRUTURA DAS UNIDADES HOSPITALARES DE REFERÊNCIA NO ENFRENTAMENTO COVID-19,4980.0,20,02/04/2020,ES
CARRO MACA PARA TRANSPORTE - ESTRUTURA DAS UNIDADES HOSPITALARES DE REFERÊNCIA NO ENFRENTAMENTO COVID-19,5300.0,15,02/04/2020,ES
AQUISIÇÃO DE MÁSCARA CIRÚRGICA (CAIXA) - PARA UNIDADES HOSPITALARES DA SECRETARIA DE ESTADO DA SAÚDE E UNIDADES DE SAÚDE DOS MUNICÍPIOS - ENFRENTAMENTO COVID 19,118.0,10000,11/04/2020,ES
AQUISIÇÃO DE ÁLCOOL LÍQUIDO 70% (FRASCO 5L) - PARA ASSEPSIA DAS MÃOS DOS PROFISSIONAIS DE SAÚDE E MINIMIZAR E PREVENIR A TRANSMISSÃO DO VÍRUS  COVID 19.,37.0,20000,11/04/2020,ES
KIT DIAGNÓSTICO -  REAGENTES PARA A REALIZAÇÃO DE DIAGNÓSTICO MOLECULAR ATRAVÉS DE TÉCNICA DE RT-QPCR - COVID-19,63.0,50000,08/04/2020,ES
MONITORES MULTIPARAMÉTRICOS BÁSICOS  - PARA MANUTENÇÃO DOS PARÂMETROS VITAIS DOS PACIENTES COVID-19,23800.0,100,11/04/2020,ES
MONITORES MULTIPARAMÉTRICOS PRÉ-CONFIGURADOS -  PARA MANUTENÇÃO DOS PARÂMETROS VITAIS DOS PACIENTES COVID-19,23800.0,100,11/04/2020,ES
MÓDULO ETCO2 - CAPNOGRAFIA -  PARA MANUTENÇÃO DOS PARÂMETROS VITAIS DOS PACIENTES COVID-19,16150.0,100,11/04/2020,ES
KIT MULTIPLEX PARA DETECÇÃO DE MÚLTIPLOS PATÓGENOS RESPIRATÓRIOS POR RT-Qpcr - LACEN,358.0,64,07/04/2020,ES
APARELHO DE AR CONDICIONADO: TIPO SPLIT HI-WALL 9.000 BTU/H - CLIMATIZAÇÃO DO LABORATÓRIO DE DIAGNÓSTICO DO COVID-19 - (LACEN/ES) ,1950.0,2,14/04/2020,ES
APARELHO DE AR CONDICIONADO: TIPO SPLIT HI-WALL 12.000 BTU/H - CLIMATIZAÇÃO DO LABORATÓRIO DE DIAGNÓSTICO DO COVID-19 - (LACEN/ES) ,2095.0,3,14/04/2020,ES
APARELHO DE AR CONDICIONADO: TIPO SPLIT HI-WALL 24.000 BTU/H - CLIMATIZAÇÃO DO LABORATÓRIO DE DIAGNÓSTICO DO COVID-19 - (LACEN/ES) ,3300.0,4,14/04/2020,ES
"PRESTAÇÃO DE SERVIÇOS DE TRANSMISSÃO TELEVISIVA EM CANAL ABERTO DIGITAL DE VIDEOAULAS COM CONTEÚDO PEDAGÓGICO FORNECIDO PELA SECRETARIA ESTADUAL DE EDUCAÇÃO, QUE ATINJA O MAIOR NÚMERO DE MUNICÍPIOS NO ESTADO DO ESPÍRITO SANTO, PREFERENCIALMENTE NO FORMATO DE MULTIPROGRAMAÇÃO.",391333.0,3,14/04/2020,ES
TERMINAL DE VIDEOCONFERÊNCIA  TIPO 1 - PARA SOLUÇÃO DE VIDEOCONFERÊNCIA VISANDO ATENDER A FORÇA TAREFA DE COMBATE AO COVID-19,49892.0,1,14/04/2020,ES
TERMINAL DE VIDEOCONFERÊNCIA USB  TIPO 2 - PARA SOLUÇÃO DE VIDEOCONFERÊNCIA VISANDO ATENDER A FORÇA TAREFA DE COMBATE AO COVID-19,9840.0,40,14/04/2020,ES
TELEVISOR LED/LCD 65 POLEGADAS   - PARA SOLUÇÃO DE VIDEOCONFERÊNCIA VISANDO ATENDER A FORÇA TAREFA DE COMBATE AO COVID-19,5854.0,41,14/04/2020,ES
SISTEMA DE ALIMENTAÇÃO ININTERRUPTO (NOBREAK) - PARA SOLUÇÃO DE VIDEOCONFERÊNCIA VISANDO ATENDER A FORÇA TAREFA DE COMBATE AO COVID-19,1786.0,41,14/04/2020,ES
DESKTOP WINDOWS - PARA SOLUÇÃO DE VIDEOCONFERÊNCIA VISANDO ATENDER A FORÇA TAREFA DE COMBATE AO COVID-19,5199.0,41,14/04/2020,ES
TECLADO/MOUSE SEM FIO - PARA SOLUÇÃO DE VIDEOCONFERÊNCIA VISANDO ATENDER A FORÇA TAREFA DE COMBATE AO COVID-19,226.0,44,14/04/2020,ES
CÂMERA VIDEOCONFERÊNCIA  TIPO 3 - PARA SOLUÇÃO DE VIDEOCONFERÊNCIA VISANDO ATENDER A FORÇA TAREFA DE COMBATE AO COVID-19,469.0,22,14/04/2020,ES
FONE DE OUVIDO COM MICROFONE - PARA SOLUÇÃO DE VIDEOCONFERÊNCIA VISANDO ATENDER A FORÇA TAREFA DE COMBATE AO COVID-19,379.0,22,14/04/2020,ES
DESKTOP WINDOWS - SALA DE CRISE - PARA SOLUÇÃO DE VIDEOCONFERÊNCIA VISANDO ATENDER A FORÇA TAREFA DE COMBATE AO COVID-19,6650.0,3,14/04/2020,ES
MONITOR 23 - PARA SOLUÇÃO DE VIDEOCONFERÊNCIA VISANDO ATENDER A FORÇA TAREFA DE COMBATE AO COVID-19,1150.0,3,14/04/2020,ES
APRESENTADOR PARA SALA MULTIMIDIA - PARA SOLUÇÃO DE VIDEOCONFERÊNCIA VISANDO ATENDER A FORÇA TAREFA DE COMBATE AO COVID-19,469.0,5,14/04/2020,ES
KIT DE EXTRACAO E PURIFICACAO DE ACIDOS NUCLEICOS (KIT PARA 96 TESTES) - REALIZAÇÃO DE DIAGNÓSTICO MOLECULAR RT-QPCR EM AMOSTRAS SUSPEITAS DO COVID-19 ,3840.0,15,17/04/2020,ES
CESTO PLASTICO,53.0,155,16/04/2020,ES
BOTA PARA LIMPEZA,42.0,300,16/04/2020,ES
BOBINA SACO PLASTICO,27.0,45,16/04/2020,ES
TERMOCICLADOR - 2 BLOCOS DE 0.1 ML PARA PLACA DE 96 E 384 POCOS PARA - ANÁLISES PARA DIAGNÓSTICO DO SARS-COV-2,350000.0,1,02/04/2020,ES
TERMOCICLADOR - CONTENDO BLOCO DE 0.2 ML PARA PLACA DE 96 - ANÁLISES PARA DIAGNÓSTICO DO SARS-COV-2,250000.0,1,02/04/2020,ES
REFORMAS E ADEQUAÇÕES NO HOSPITAL DÓRIO SILVA (HDS) - ATENDIMENTO COVID 19,4931.0,"2889,36",23/04/2020,ES
AQUISIÇÃO DE DICLORO ISOCIANURATO DE SÓDIO GRANULADO (KG) PARA LIMPEZA E DESINFECÇÃO DE ENTRADAS E CALÇADAS DE HOSPITAIS E PRONTOS ATENDIMENTOS DE SAUDE NOS MUNICÍPIOS E ESTADO,17.0,15825,22/04/2020,ES
Switch Tipo I - CORE,177843.0,2,06/04/2020,ES
Switch Tipo II - ACESSO,31068.0,24,06/04/2020,ES
Transceiver 10 GB,2606.0,36,06/04/2020,ES
Módulo Dedicado de Empilhamento,4858.0,25,06/04/2020,ES
Cordão de Conexão Óptico,234.0,36,06/04/2020,ES
Ponto de Acesso Sem Fio Tipo I,2208.0,27,06/04/2020,ES
Ponto de Acesso Sem Fio Tipo II,6136.0,26,06/04/2020,ES
Controladora de Rede Sem Fio,19250.0,1,06/04/2020,ES
Software de Gerenciamento - Rede Cabeada,12870.0,1,06/04/2020,ES
Software de Gerenciamento - Rede Wi-Fi,12870.0,1,06/04/2020,ES
"Serviços de Instalação, Configuração, Ativação e Treinamento da Solução",100737.0,1,06/04/2020,ES
"Câmera para Videoconferência do Tipo I ,",8788.0,4,06/04/2020,ES
Câmera para Videoconferência do Tipo II ,12997.0,2,06/04/2020,ES
Câmera para Videoconferência do Tipo III,27985.0,2,06/04/2020,ES
Webcam para Videoconferência do Tipo I,399.0,20,06/04/2020,ES
Minicomputador para Utilização em Videoconferência,4915.0,2,06/04/2020,ES
Caixa de som,7000.0,1,06/04/2020,ES
Teclado Wireless,208.0,5,06/04/2020,ES
"COBERTURA PARA OBITO, TAMANHO: P - PARA ACONDICIONAMENTO DOS CORPOS DOS PACIENTES QUE PODERÃO EVOLUIR A ÓBITO EM DECORRÊNCIA DO COVID-19",4.0,5000,22/04/2020,ES
"COBERTURA PARA OBITO, TAMANHO: M - PARA ACONDICIONAMENTO DOS CORPOS DOS PACIENTES QUE PODERÃO EVOLUIR A ÓBITO EM DECORRÊNCIA DO COVID-19  ",4.0,7500,22/04/2020,ES
"COBERTURA PARA OBITO, TAMANHO: G - PARA ACONDICIONAMENTO DOS CORPOS DOS PACIENTES QUE PODERÃO EVOLUIR A ÓBITO EM DECORRÊNCIA DO COVID-19",7.0,12500,22/04/2020,ES
"COBERTURA PARA OBITO, TAMANHO: GG - PARA ACONDICIONAMENTO DOS CORPOS DOS PACIENTES QUE PODERÃO EVOLUIR A ÓBITO EM DECORRÊNCIA DO COVID-19",9.0,2000,22/04/2020,ES
LOCAÇÃO DE ESTRUTURAS COM FORNECIMENTO DE EQUIPAMENTOS - REGIÃO NORTE - VALOR MENSAL - BARREIRAS DE INSPEÇÃO SANITÁRIA PARA ENFRENTAMENTO AO COVID-19,8000.0,3,23/04/2020,ES
LOCAÇÃO DE ESTRUTURAS COM FORNECIMENTO DE EQUIPAMENTOS - REGIÃO CENTRAL - VALOR MENSAL - BARREIRAS DE INSPEÇÃO SANITÁRIA PARA ENFRENTAMENTO AO COVID-19,8000.0,2,23/04/2020,ES
LOCAÇÃO DE ESTRUTURAS COM FORNECIMENTO DE EQUIPAMENTOS - REGIÃO SUL - VALOR MENSAL - BARREIRAS DE INSPEÇÃO SANITÁRIA PARA ENFRENTAMENTO AO COVID-19,8000.0,3,23/04/2020,ES
LOCAÇÃO DE ESTRUTURAS COM FORNECIMENTO DE EQUIPAMENTOS - REGIÃO METROPOLITANA-VALOR MENSAL - BARREIRAS DE INSPEÇÃO SANITÁRIA PARA ENFRENTAMENTO AO COVID-19,8000.0,3,23/04/2020,ES
MÁSCARA TIPO RESPIRADOR PFF2 OU EQUIVALENTE A MÁSCARA N95 - PREVENÇÃO DE PROFISSIONAIS QUE ESTARÃO EM CONTATO DIRETO COM PACIENTES COVID-19,7.0,500000,24/04/2020,ES
"AVENTAL, DESCARTAVEL - PREVENÇÃO DE PROFISSIONAIS QUE ESTARÃO EM CONTATO DIRETO COM PACIENTES COVID-19",12.0,200000,24/04/2020,ES
"JALECO UNISSEX, TAMANHO: ""P"" - EPI PARA OS SERVIDORES DO LACEN/ES  NAS AÇÕES  DE COMBATE AO COVID-19",40.0,100,22/04/2020,ES
"JALECO UNISSEX, TAMANHO: PP - EPI PARA OS SERVIDORES DO LACEN/ES  NAS AÇÕES  DE COMBATE AO COVID-19",39.0,100,22/04/2020,ES
"AQUISIÇÃO DE MÁSCARAS LAVÁVEL DE TECIDO PARA PREVENÇÃO AO CONTÁGIO PELO COVID-19 (CORONAVÍRUS) POR MOTORISTAS, COBRADORES E FISCAIS DO TRANSCOL",3.0,30000,15/04/2020,ES
Contratação de operadora de internet móvel para oferta de cobrança reversa do serviço de acesso a pacote de dados de forma que a Secretaria de Estado da Educação (SEDU) assuma a cobrança pelo acesso dos alunos e servidores da rede pública estadual de ensino do ES para a utilização de ferramentas educacionais definidas pela SEDU durante o período de suspensão das aulas presenciais pelo COVID-19.,0.0,29000000,17/04/2020,ES
Contratação de operadora de internet móvel para oferta de cobrança reversa do serviço de acesso a pacote de dados de forma que a Secretaria de Estado da Educação (SEDU) assuma a cobrança pelo acesso dos alunos e servidores da rede pública estadual de ensino do ES para a utilização de ferramentas educacionais definidas pela SEDU durante o período de suspensão das aulas presenciais pelo COVID-19.,0.0,183000000,17/04/2020,ES
Contratação de operadora de internet móvel para oferta de cobrança reversa do serviço de acesso a pacote de dados de forma que a Secretaria de Estado da Educação (SEDU) assuma a cobrança pelo acesso dos alunos e servidores da rede pública estadual de ensino do ES para a utilização de ferramentas educacionais definidas pela SEDU durante o período de suspensão das aulas presenciais pelo COVID-19.,0.0,25000000,17/04/2020,ES
Contratação de operadora de internet móvel para oferta de cobrança reversa do serviço de acesso a pacote de dados de forma que a Secretaria de Estado da Educação (SEDU) assuma a cobrança pelo acesso dos alunos e servidores da rede pública estadual de ensino do ES para a utilização de ferramentas educacionais definidas pela SEDU durante o período de suspensão das aulas presenciais pelo COVID-19.,0.0,13000000,17/04/2020,ES
"Máscaras Faciais de uso não profissional, de tecido, lavável, para utilização do efetivo Policial Militar nas AÇÕES  DE COMBATE AO COVID-19.",2.0,100000,29/04/2020,ES
KIT PARA DIAGNOSTICO DO NOVO CORONAVIRUS (SARS COV 2) - LACEN,120.0,30000,29/04/2020,ES
ETIQUETA PARA IMPRESSORA - MANUTENÇÃO DA ROTINA LABORATORIAL VISANDO O ENFRENTAMENTO AO COVID-19,11.0,1000,29/04/2020,ES
RIBBON DE CERA PARA IMPRESSORA - MANUTENÇÃO DA ROTINA LABORATORIAL VISANDO O ENFRENTAMENTO AO COVID-19,12.0,100,29/04/2020,ES
INSTALAÇÃO DE REDE DE VÁCUO CLÍNICO PARA ADEQUAÇÃO DE LEITOS DO HESVV PARA ENFRENTAMENTO AO COVID-19,172469.0,1,29/04/2020,ES
ALMOTOLIA TRANSPARENTE BICO RETO 500 ML  MATERIAL DE APOIO ÀS AÇÕES DE COMBATE AO COVID-19,4.0,1000,04/05/2020,ES
" Aquisição de Álcool Etílico a 70%, forma espuma, anti-septico para higienização das mãos, com dispenser",188.0,700,01/04/2020,ES
"Processo de contratação de empresa especializada em engenharia para execução da reforma emergencial das enfermarias e apartamentos das Clínicas Cirúrgica e Médica do Hospital da Polícia Militar do Espírito Santo, com fornecimento de mão-de-obra e materiais",174977.0,1,29/04/2020,ES
PRODUTO: KIT DE EXTRACAO E PURIFICACAO DE ACIDOS NUCLEICOS (KIT PARA 96 TESTES) - ENFRENTAMENTO COVID-19,3840.0,23,30/04/2020,ES
PAPEL MANTEIGA  ROLO - MATERIAL DE SUPORTE AOS PROCEDIMENTOS DAS ANÁLISES LABORATORIAIS DO LACEN - ENFRENTAMENTO COVID-19,3.0,60,05/05/2020,ES
"ETIQUETA PERMANENTE PARA IMPRESSORA E COPIADORA, A4 351, 65 P/FOLHA- CX C/100 FLS - MATERIAL DE SUPORTE AOS PROCEDIMENTOS DAS ANÁLISES LABORATORIAIS DO LACEN - ENFRENTAMENTO COVID-19",31.0,10,05/05/2020,ES
"ETIQUETA PERMANENTE PARA IMPRESSORA E COPIADORA, A4 355, 65 P/FOLHA- CX C/100 FLS - MATERIAL DE SUPORTE AOS PROCEDIMENTOS DAS ANÁLISES LABORATORIAIS DO LACEN - ENFRENTAMENTO COVID-19",31.0,5,05/05/2020,ES
ISQUEIRO A GAS SIMPLES E COMUM - MATERIAL DE SUPORTE AOS PROCEDIMENTOS DAS ANÁLISES LABORATORIAIS DO LACEN - ENFRENTAMENTO COVID-19,4.0,2,05/05/2020,ES
SERVIÇOS DE LOCAÇÃO DE ESTRUTURA MÓVEL PARA LEITOS DE ATEND.PACIENTES COVID-19,57750.0,1,09/04/2020,ES
CONT.EMPRESA INSTALAÇÃO REDE DE GAZES MEDICINAIS EM LEITOS PACIENTES COVID-19,60238.0,1,13/04/2020,ES
COBERTURA PARA CADAVERES PCTS COVID-19,14.0,100,29/04/2020,ES
CONT.SERV.INSTALAÇÃO DIVISÓRIAS-COVID-19,16125.0,1,23/04/2020,ES
AQUIS.CÂMARA FRIGORÍFICA INDUSTRIAL P/ CORPOS COVID-19,43942.0,1,24/04/2020,ES
SERV.LOCAÇÃO ESTRUTURA MÓVEL PARA LABORATÓRIO E EXPURGO P/PCTS COVID-19,19132.0,1,06/05/2020,ES
FILTRO COM BARREIRA TOTAL A BACTÉRIAS E VÍRUS (COVID-19),29.0,200,08/05/2020,ES
PRODUTO: KIT DE EXTRACAO E PURIFICACAO DE ACIDOS NUCLEICOS (KIT PARA 96 TESTES) - ENFRENTAMENTO COVID-19,3840.0,400,12/05/2020,ES
TESTES DE PCR EM TEMPO REAL ULTRA-RÁPIDO PARA DIAGNÓSTICO (SRAG) SUSPEITA DE COVID-19 NOS HOSPITAIS DE REFERÊNCIA - COVID-19,190.0,30000,04/05/2020,ES
LOCAÇÃO DE EQUIPAMENTO PARA DIAGNÓSTICO RÁPIDO DE PACIENTES COM SRAG E SUSPEITA DE COVID-19 NOS HOSPITAIS DE REFERÊNCIA (VALOR PARA 6 MESES),12000.0,6,04/05/2020,ES
AQUISICAO E INSTALACAO DE SISTEMA DE EXAUSTAO VISANDO ATENDER AS DEMANDAS SANITÁRIAS NO AMBIENTES DA SALA DE NECROPSIAS - ENFRENTAMENTO COVID-19,16250.0,1,12/05/2020,ES
AQUISICAO E INSTALACAO DE SISTEMA DE DESCONTAMINACAO DE AR. RECIRCULACAO VISANDO ATENDER AS DEMANDAS SANITÁRIAS NO AMBIENTES DA SALA DE NECROPSIAS - ENFRENTAMENTO COVID-19,17950.0,1,12/05/2020,ES
AQUISIÇÃO E INSTALAÇÃO DE CHUVEIRO LAVA-OLHOS VISANDO ATENDER AS DEMANDAS SANITÁRIAS NO AMBIENTES DA SALA DE NECROPSIAS - ENFRENTAMENTO COVID-19,7300.0,1,12/05/2020,ES
"Vasopressina 20u/ml: solução injetável, ampola 1ml, via intravenosa",20.0,250,24/04/2020,ES
"Lidocaína 10mg/ml 1%, solução injetável, frasco/ampola 20 ml, acondicionado individualmente em embalagem estéril",6.0,250,24/04/2020,ES
"Azul de metileno 1%, solução injetável, ampola 5ml",6.0,150,24/04/2020,ES
"Salbutamol, sulfato 100 mcg/dose, inalatório oral (aerosol), frasco com 200 doses",9.0,200,24/04/2020,ES
"Sulfadiazina de prata 1%, micronizada, creme dermatológico, tubo 50mg, uso tópico, validade não inferior a 12 meses após entrega",6.0,30,13/04/2020,ES
"Isossorbida, mononitrato 20mg, comprimido, via oral",0.0,4000,13/04/2020,ES
"Equipo macrogotas, para administração de soluções parenterais, com ponta perfurante iso com tampa protetora, tubo flexível cristal, gotejador ajustado para 1ml = 20 gotas, compatível com sistema fechado, tubo extensor de PVC com 2,0m",3.0,35000,16/04/2020,ES
"Luva cirúrgica, tamanho: numero 6,5, material: 100% látex natural, formato: anatômico, textura: homogênea, ",2.0,3000,15/04/2020,ES
"Luva cirúrgica, tamanho: numero 7, material: 100% látex natural, formato: anatômico, textura: homogênea",1.0,20000,15/04/2020,ES
"Luva cirúrgica, tamanho: numero 7,5, material: 100% látex natural, formato: anatômico, textura: homogênea, ",1.0,20000,15/04/2020,ES
Termômetro clinico infravermelho sem contato com o paciente. ,132.0,200,15/04/2020,ES
"Oxímetro de pulso para verificação nao-vasiva continua da saturação periférica de oxigênio (spo2) no sangue através de sensor infravermelho de dedo, com mensuração da frequência cardíaca",95.0,100,15/04/2020,ES
"Hemácias i e ii, produto: hemácias a 0,8% i e ii, tipo: suspensão de hemácias a 0,8% i e ii, ",140.0,18,17/04/2020,ES
Cartão de liss/Coombs ,630.0,30,17/04/2020,ES
Cartão tipagem abo/rh ,510.0,60,17/04/2020,ES
"Diluente 2(solução de baixa forca ionica-liss), ",140.0,30,17/04/2020,ES
"Hemácias i,ii e iii, produto: hemácias a1 e b 0.8% a 1% i e ii, tipo: suspensão de hemácias 0,8% a 1% i e ii, ",140.0,18,17/04/2020,ES
Conjunto contr/qualidade interno imunohematologia,530.0,15,17/04/2020,ES
"Ponteira plástica descartavel, transparente e com capacidade de 0 a 350 ul",0.0,8000,17/04/2020,ES
CARRO DE MEDICAÇÃO INOX - MATERIAL DE SUPORTE PARA UNIDADES HOSPITALARES - ENFRENTAMENTO COVID-19,4460.0,40,11/05/2020,ES
CARRO DE TRANSPORTE INOX -  MATERIAL DE SUPORTE PARA UNIDADES HOSPITALARES - ENFRENTAMENTO COVID-19,2800.0,40,11/05/2020,ES
FILTRO HME (COM TAMPA) ADULTO - PARA VENTILAÇÃO PULMONAR ARTIFICIAL - TRATAMENTO COVID-19,11.0,50000,14/05/2020,ES
UNIDADE FILTRANTE  - MATERIAL DE SUPORTE AOS PROCEDIMENTOS DAS ANÁLISES LABORATORIAIS - COVID-19 - LACEM,1327.0,10,13/05/2020,ES
SERINGA DESCARTAVEL DE 20 ML - MATERIAL DE SUPORTE AOS PROCEDIMENTOS DAS ANÁLISES LABORATORIAIS - COVID-19 - LACEM,1.0,500,13/05/2020,ES
AGULHA HIPODERMICA 25X7 MM - MATERIAL DE SUPORTE AOS PROCEDIMENTOS DAS ANÁLISES LABORATORIAIS - COVID-19 - LACEM,0.0,300,13/05/2020,ES
INDICADOR QUIMICO - CLASSE 5 - MATERIAL DE SUPORTE AOS PROCEDIMENTOS DAS ANÁLISES LABORATORIAIS - COVID-19 - LACEM,1.0,3000,13/05/2020,ES
GAZE TIPO QUEIJO - MATERIAL DE SUPORTE AOS PROCEDIMENTOS DAS ANÁLISES LABORATORIAIS - COVID-19 - LACEM,44.0,30,13/05/2020,ES
MACA TRANSPORTE CADAVER COM TAMPA PARA TRANSFERÊNCIA DEFINITIVA PARA O NECROTÉRIO  COVID-19,3520.0,30,12/05/2020,ES
MACA TRANSPORTE ÓBITO PARA TRANSFERÊNCIA DEFINITIVA PARA O NECROTÉRIO  COVID-19,2550.0,30,12/05/2020,ES
AQUISIÇÃO DE MÁSCARAS LAVÁVEL DE TECIDO PARA PREVENÇÃO AO CONTÁGIO PELO COVID-19 (CORONAVÍRUS) DOS USUÁRIOS DO TRANSCOL.,3.0,50000,30/04/2020,ES
AQUISIÇÃO DE MÁSCARAS LAVÁVEL DE TECIDO PARA PREVENÇÃO AO CONTÁGIO PELO COVID-19 (CORONAVÍRUS) DOS USUÁRIOS DO TRANSCOL.,3.0,50000,30/04/2020,ES
AQUISIÇÃO DE MÁSCARAS LAVÁVEL DE TECIDO PARA PREVENÇÃO AO CONTÁGIO PELO COVID-19 (CORONAVÍRUS) DOS USUÁRIOS DO TRANSCOL.,3.0,50000,30/04/2020,ES
AQUISIÇÃO DE MÁSCARAS LAVÁVEL DE TECIDO PARA PREVENÇÃO AO CONTÁGIO PELO COVID-19 (CORONAVÍRUS) DOS USUÁRIOS DO TRANSCOL.,3.0,50000,30/04/2020,ES
AQUISIÇÃO DE MÁSCARAS LAVÁVEL DE TECIDO PARA PREVENÇÃO AO CONTÁGIO PELO COVID-19 (CORONAVÍRUS) DOS USUÁRIOS DO TRANSCOL.,3.0,50000,30/04/2020,ES
AQUISIÇÃO DE MÁSCARAS LAVÁVEL DE TECIDO PARA PREVENÇÃO AO CONTÁGIO PELO COVID-19 (CORONAVÍRUS) DOS USUÁRIOS DO TRANSCOL.,3.0,50000,30/04/2020,ES
AQUISIÇÃO DE MÁSCARAS LAVÁVEL DE TECIDO PARA PREVENÇÃO AO CONTÁGIO PELO COVID-19 (CORONAVÍRUS) DOS USUÁRIOS DO TRANSCOL.,3.0,50000,30/04/2020,ES
AQUISIÇÃO DE MÁSCARAS LAVÁVEL DE TECIDO PARA PREVENÇÃO AO CONTÁGIO PELO COVID-19 (CORONAVÍRUS) DOS USUÁRIOS DO TRANSCOL.,3.0,50000,30/04/2020,ES
AQUISIÇÃO DE MÁSCARAS LAVÁVEL DE TECIDO PARA PREVENÇÃO AO CONTÁGIO PELO COVID-19 (CORONAVÍRUS) DOS USUÁRIOS DO TRANSCOL.,3.0,50000,30/04/2020,ES
AQUISIÇÃO DE MÁSCARAS LAVÁVEL DE TECIDO PARA PREVENÇÃO AO CONTÁGIO PELO COVID-19 (CORONAVÍRUS) DOS USUÁRIOS DO TRANSCOL.,3.0,50000,30/04/2020,ES
AQUISIÇÃO DE MÁSCARAS LAVÁVEL DE TECIDO PARA PREVENÇÃO AO CONTÁGIO PELO COVID-19 (CORONAVÍRUS) DOS USUÁRIOS DO TRANSCOL.,3.0,50000,30/04/2020,ES
AQUISIÇÃO DE MÁSCARAS LAVÁVEL DE TECIDO PARA PREVENÇÃO AO CONTÁGIO PELO COVID-19 (CORONAVÍRUS) DOS USUÁRIOS DO TRANSCOL.,3.0,50000,30/04/2020,ES
AQUISIÇÃO DE MÁSCARAS LAVÁVEL DE TECIDO PARA PREVENÇÃO AO CONTÁGIO PELO COVID-19 (CORONAVÍRUS) DOS USUÁRIOS DO TRANSCOL.,3.0,50000,30/04/2020,ES
AQUISIÇÃO DE MÁSCARAS LAVÁVEL DE TECIDO PARA PREVENÇÃO AO CONTÁGIO PELO COVID-19 (CORONAVÍRUS) DOS USUÁRIOS DO TRANSCOL.,3.0,50000,30/04/2020,ES
AQUISIÇÃO DE MÁSCARAS LAVÁVEL DE TECIDO PARA PREVENÇÃO AO CONTÁGIO PELO COVID-19 (CORONAVÍRUS) DOS USUÁRIOS DO TRANSCOL.,3.0,50000,30/04/2020,ES
AQUISIÇÃO DE MÁSCARAS LAVÁVEL DE TECIDO PARA PREVENÇÃO AO CONTÁGIO PELO COVID-19 (CORONAVÍRUS) DOS USUÁRIOS DO TRANSCOL.,3.0,50000,30/04/2020,ES
AQUISIÇÃO DE MÁSCARAS LAVÁVEL DE TECIDO PARA PREVENÇÃO AO CONTÁGIO PELO COVID-19 (CORONAVÍRUS) DOS USUÁRIOS DO TRANSCOL.,3.0,50000,30/04/2020,ES
AQUISIÇÃO DE MÁSCARAS LAVÁVEL DE TECIDO PARA PREVENÇÃO AO CONTÁGIO PELO COVID-19 (CORONAVÍRUS) DOS USUÁRIOS DO TRANSCOL.,3.0,50000,30/04/2020,ES
AQUISIÇÃO DE MÁSCARAS LAVÁVEL DE TECIDO PARA PREVENÇÃO AO CONTÁGIO PELO COVID-19 (CORONAVÍRUS) DOS USUÁRIOS DO TRANSCOL.,3.0,50000,30/04/2020,ES
AQUISIÇÃO DE MÁSCARAS LAVÁVEL DE TECIDO PARA PREVENÇÃO AO CONTÁGIO PELO COVID-19 (CORONAVÍRUS) DOS USUÁRIOS DO TRANSCOL.,3.0,50000,30/04/2020,ES
"AQUISIÇÃO DE COMBUSTÍVEL DIESEL PARA ATENDIMENTO AO SISTEMA DE TRANSPORTE COLETIVO DA REGIÃO METROPOLITANA DA GRANDE VITÓRIA - RMGV. VISTO QUE APESAR DA DEMANDA TER CAÍDO CERCA DE 70%, O ESTADO DETERMINOU QUE A REDUÇÃO DA OFERTA FOSSE DA ORDEM MÁXIMA DE 30% PARA ATENDER AS MEDIDAS DE DISTANCIAMENTO SOCIAL DENTRO DOS ÔNIBUS.",2.0,7800000,07/05/2020,ES
"CONSULTORIA E APOIO TÉCNICO NA ANÁLISE DO CUSTO DO SISTEMA E IMPACTO TARIFÁRIO EM DECORRÊNCIA DAS MEDIDAS EMERGENCIAIS ADOTADAS PELO ESTADO DO ESPÍRITO SANTO, NO ÂMBITO DO TRANSPORTE PÚBLICO DA REGIÃO METROPOLITANA DA GRANDE VITÓRIA (SISTEMA TRANSCOL), EM VIRTUDE DA COVID-19 (CORONAVÍRUS).",380000.0,1,13/05/2020,ES
"SERVIÇOS DE LAVAGEM E DESINFECÇÃO DOS TERMINAIS DE INTEGRAÇÃO COM APLICAÇÃO DE PRODUTO SANITIZANTE NO PISO DAS PLATAFORMAS, CATRACAS, BANCOS, TRAVESSIAS DE PEDESTRES, PAREDES E PILARES EXTERNOS ATÉ A ALTURA DE 2,00 METROS, PISO E PAREDES DE SANITÁRIOS PÚBLICOS, OU SEJA, TODA ÁREA CONSTRUÍDA, INCLUÍDO O FORNECIMENTO DE TODOS OS MATERIAIS, MÃO DE OBRA E EQUIPAMENTOS NECESSÁRIOS PARA SUA EXECUÇÃO.",27.0,"54521,92",14/05/2020,ES
"Álcool etílico hidratado 70%, liquido, não aromatizado, transparente, isento de resíduos, em conformidade com as normas do INMETRO, com validade mínima de 18 (dezoito) meses a contar da data da entrega.",10.0,3000,01/04/2020,ES
"ALCOOL ETILICO HIDRATADO EM GEL, GRADUACAO: 70° INPM), NAO AROMATIZADO, LIMPIDO, TRANSPARENTE, ISENTO DE RESIDUOS, ROTULO: CONFORME DETERMINACAO INMETRO, EMBALAGEM: CONFORME DETERMINACAO INMETRO, CONTEUDO: 500 GR, VALIDADE: MINIMO 180 DIAS DATA DA ENTREGA CONFORME PRECONIZA A RDC 350/2020 DA ANVISA, UNIDADE DE FORNECIMENTO: UNIDADE",7.0,3200,06/05/2020,ES
AQUISIÇÃO PAPEL TOALHA INTERFOLHADO (FOLHAS) - SUPORTE E ESTRUTURA PARA AÇÕES DE ENFRENTAMENTO AO COVID-19 ,0.0,17820000,18/05/2020,ES
"CONJUNTO CIRURGICO, TECIDO BRIM PESADO 100% ALGODAO - TAMANHO M - ESTRUTURAÇÃO DO SERVIÇO - ENFRENTAMENTO COVID-19",67.0,150,15/05/2020,ES
"CONJUNTO CIRURGICO, TECIDO BRIM PESADO 100% ALGODAO - TAMANHO G - ESTRUTURAÇÃO DO SERVIÇO - ENFRENTAMENTO COVID-19",68.0,150,15/05/2020,ES
"CONJUNTO CIRURGICO, TECIDO BRIM PESADO 100% ALGODAO - TAMANHO GG - ESTRUTURAÇÃO DO SERVIÇO - ENFRENTAMENTO COVID-19",69.0,150,15/05/2020,ES
TESTE RÁPIDO QUALITATIVO PARA DETECÇAO DE ANTICORPOS IGG E IGM ANTI-COVID19,98.0,40000,15/05/2020,ES
"REFORMA E ADEQUAÇÕES FÍSICAS NO HOSPITAL INFANTIL NOSSA SENHORA DA GLÓRIA (HINSG), VISANDO RECEBER PACIENTES PORTADORES DO CORONAVÍRUS (COVID-19)",330000.0,1,15/05/2020,ES
BIOMBO TRIPLO - ESTRUTURA DAS UNIDADES HOSPITALARES PARA ENFRENTAMENTO COVID-19,390.0,50,12/05/2020,ES
BRAÇADEIRA INJEÇÃO INOX - ESTRUTURA DAS UNIDADES HOSPITALARES PARA ENFRENTAMENTO COVID-19,249.0,50,12/05/2020,ES
"AQUISIÇÃO DE CESTAS BÁSICAS DA ECONOMIA SOLIDÁRIA E ARTESANATO, EM VIRTUDE DO SURTO DE NOVO CORONAVÍRUS (COVID-19), GÊNERO ALIMENTAÇÃO E LIMPEZA E HIGIENIZAÇÃO, CONFORME CONSTA NO PROCESSO DE NO. 2020-7JQ91, DEVIDAMENTE JUSTIFICADO, EM NOME DA EMPRESA MANTOVANI ATACADISTA LTDA.",141.0,4800,11/04/2020,ES
AQUISIÇÃO DE AVENTAL LAMINADO PARA ATENDIMENTO DAS NECESSIDADES DAS UNIDADES HOSPITALARES NO ENFRENTAMENTO AO COVID-19,13.0,100000,19/05/2020,ES
AQUISIÇÃO DE PALETEIRA HIDRÁULICA PARA ATENDIMENTO DAS NECESSIDADES DE RECEBIMENTO E DISTRIBUIÇÃO DE MATERIAIS EM ALMOXARIFADO NO COMBATE AO COVID-19,2000.0,4,15/05/2020,ES
Contratção de Empresa Especializada em Locaçao de Container.,2104.0,17,12/03/2020,ES
Contratção de Empresa Especializada em Locaçao de Container.,3201.0,9,12/03/2020,ES
Contratção de Empresa Especializada em Serviço de Fornecimento de Lanches.,3.0,19500,22/04/2020,ES
"Prestação de Serviços de Gerenciamento e Execução da Substencia do Imóvel Geral de Forma Preventiva e Corretiva e Fornecimento de Materiais e Equipamentos, sem Edificação, Reforma e Ampliação de Obra Civil",52144.0,6,09/04/2020,ES
"Prestação de Serviços de Gerenciamento e Execução da Substencia Hidráulica Geral do Imóvel, Preventiva e Corretiva e Fornecimento de Materiais e Equipamentos sem Edificação, Reforma e Ampliação de Obra Civil",32806.0,6,09/04/2020,ES
"Prestação de Serviços de Gerenciamento e Execução da Substencia Elétrica Geral do Imóvel, Preventiva e Corretiva e Fornecimento de Materiais e Equipamentos sem Edificação, Reforma e Ampliação de Obra Civil",15652.0,6,09/04/2020,ES
"Prestação de Serviços de Jardinagem por Demanda e Fornecimento de Materiais e Equipamentos, sem Ampliação",8100.0,6,09/04/2020,ES
"Prestação de Serviços de Marcenaria por Demanda e Fornecimento de Materiais e Equipamentos, sem Edificação, Reforma e Ampliação",8100.0,6,09/04/2020,ES
"Prestação de Serviços de Serralheria por Demanda e Fornecimento de Materiais e Equipamentos, sem Edificação, Reforma e Ampliação",8100.0,6,09/04/2020,ES
ADEQUAÇÕES NO HOSPITAL ESTADUAL DE ATENÇÃO CLÍNICA (HEAC),5722711.0,1,24/04/2020,ES
OXÍMETRO DE PULSO PORTÁTIL - ESTRUTURA DAS UNIDADES HOSPITALARES PARA ENFRENTAMENTO COVID-19,2520.0,80,15/05/2020,ES
CARDIOVERSOR BIFÁSICO - ESTRUTURA DAS UNIDADES HOSPITALARES DE REFERÊNCIA NO ENFRENTAMENTO COVID-19,19350.0,30,11/05/2020,ES
VENTILADOR PULMONAR MICROPROCESSADO - ENFRENTAMENTO COVID-19 -  PRODUTO IMPORTADO - VALOR DE REFERÊNCIA COTAÇÃO DO DIA 30/04/2020,69873.0,250,30/04/2020,ES
AVENTAL PARA PROCEDIMENTO HOSPITALAR,3.0,60000,23/04/2020,ES
"PEÇA COMPONENTE, KIT IPC IPC 1500 1K SYSTEM, APLICAÇÃO: ARCO CIRURGICO.",65027.0,1,19/05/2020,ES
"PEÇA COMPONENTE, HDD SATA 1K IMAGE G, APLICAÇÃO ARCO CIRURGICO",9401.0,1,19/05/2020,ES
CAPOTE AVENTAL DESCARTÁVEL,13.0,20000,19/05/2020,ES
"ADEQUAÇÕES FÍSICAS NO HOSPITAL ESTADUAL DE VILA VELHA (HESVV), VISANDO RECEBER PACIENTES PORTADORES DO CORONAVÍRUS, CONTEMPLANDO A REFORMA PARA CRIAÇÃO DE 15 LEITOS DE ISOLAMENTO, AGÊNCIA TRANSFUSIONAL, CENTRO CIRÚRGICO E SALA VERMELHA. ",2712604.0,1,21/05/2020,ES
AQUISIÇÃO DE MÁSCARA LAVÁVEL DE TECIDO PARA PREVENÇÃO AO CONTÁGIO PELO COVID-19 (CORONAVÍRUS),1.0,15000,16/04/2020,ES
CADEIRA CAIXA EXECUTIVA GIRATÓRIA,255.0,4,22/05/2020,ES
VISOR EM VIDRO COMUM 4MM INCOLOR ,77.0,5,25/05/2020,ES
JANELA DESLIZANTE ,1845.0,1,25/05/2020,ES
DIVISÓRIA BRANCA COM PORTA,2390.0,1,25/05/2020,ES
ESPELHO CRISTAL 3 MM,120.0,1,25/05/2020,ES
MATERIAL MÉDICO HOSPITALAR (FRASCO DE DRENAGEM DE TORAX/MEDIASTINAL ADULTO - 1000 ml) - MATERIAL DE SUPORTE AO TRATAMENTO CONVID-19,14.0,200,25/05/2020,ES
MATERIAL MÉDICO HOSPITALAR (FRASCO DE DRENAGEM DE TORAX/MEDIASTINAL ADULTO - 2000 ml) - MATERIAL DE SUPORTE AO TRATAMENTO CONVID-19,16.0,100,25/05/2020,ES
MATERIAL MÉDICO HOSPITALAR (DRENO DE TORAX - Tamanho 32) - MATERIAL DE SUPORTE AO TRATAMENTO CONVID-19,3.0,20,25/05/2020,ES
MATERIAL MÉDICO HOSPITALAR (ESPAÇADOR BIVALVULADO DE ALUMINIO PARA USAR COM BOMBINHAS PARA MELHOR APROVEITAMENTO DA MEDICACAO 200-300ML ADULTO) - MATERIAL DE SUPORTE AO TRATAMENTO CONVID-19,38.0,200,25/05/2020,ES
LANCETA DE SEGURANÇA ESTÉRIL AUTOMÁTICA UTILIZADA PARA A COLETA DE AMOSTRAS DE SANGUE CAPILAR  INQUÉRITO EPIDEMIOLÓGICO COVID-19,45.0,180,25/05/2020,ES
SONOGRAFO PORTÁTIL BEIRA DE LEITO -  ESTRUTURA DAS UNIDADES HOSPITALARES DE REFERÊNCIA NO ENFRENTAMENTO COVID-19,85000.0,10,12/05/2020,ES
"SISTEMA FECHADO DE ASPIRACAO TRAQUEAL NR 14 PARA USO EM TUBO ENDOTRAQUEAL CONSTITUIDO DE CONECTOR DUPLO SWIVEL, VIA DE IRRIGACAO COM VALVULA ANTIRREFLUXO, SONDA GRADUADA E COBERTA DE BAINHA DE PLASTICO, VALVULA DE SUCCAO E TRAVA DE SEGURANCA. Cod 69999",78.0,2500,27/5/2020,ES
"SISTEMA FECHADO DE ASPIRACAO TRAQUEAL NR 14 PARA USO EM TRAQUEOSTOMIA, CONSTITUIDO DE CONECTOR DUPLO SWIVEL, VIA DE IRRIGACAO COM VALVULA ANTIRREFLUXO, SONDA GRADUADA E COBERTA DE BAINHA DE PLASTICO, VALVULA DE SUCCAO E TRAVA DE SEGURANCA. Cod 38161",78.0,1000,27/5/2020,ES
"SISTEMA FECHADO DE ASPIRACAO TRAQUEAL NR 14 PARA USO EM TRAQUEOSTOMIA, CONSTITUIDO DE CONECTOR DUPLO SWIVEL, VIA DE IRRIGACAO COM VALVULA ANTIRREFLUXO, SONDA GRADUADA E COBERTA DE BAINHA DE PLASTICO, VALVULA DE SUCCAO E TRAVA DE SEGURANCA. Cod 38162",78.0,1000,27/5/2020,ES
"MEDICAMENTO GERAL DE USO HUMANO, PRINCIPIO ATIVO/CONCENTRACAO: CLOREXIDINA GLICONATO SOLUCAO AQUOSA 1%, FORMA FARMACEUTICA: SOLUCAO AQUOSA, FORMA DE APRESENTACAO: SOLUCAO AQUOSA, UNIDADE DE FORNECIMENTO: ALMOTOLIA COM 100ML",1.0,1000,27/4/2020,ES
"Contratação de produtora de vídeo que forneça a equipe técnica descrita no Anexo I para a prestação de serviços de produção, captação, edição e finalização de 90 (noventa) videoaulas de conteúdo pedagógico para serem exibidas em TV aberta e/ou fechada e internet, sendo as aulas gravadas no estúdio da TVE com os equipamentos desta emissora, exceto ilha de edição. As videoaulas serão elaboradas e ministradas por profissionais da Secretaria de estado da Educação (SEDU), a quem cabe a responsabilidade Pedagógica do Conteúdo.",1085.0,90,29/5/2020,ES
"MEDICAMENTOS GERAIS DE USO HUMANO, PRINCIPIO/CONCENTRACAO: ENOXAPARINA SODICA 40MG/0,4ML, FORMA FARMACEUTICA: SOLUCAO INJETAVEL, FORMA DE APRESENTACAO: SERINGA PREENCHIDA 0,4ML, COM DISPOSITIVO DE SEGURANCA, EM CONFORMIDADE COM A NR 32, VIA ADMINISTRACAO: INTRAVENOSA/SUBCUTANEA, UNIDADE DE FORNECIMENTO: SERINGA PREENCHIDA. PARA USO NO COMBATE AO COVID19.",20.0,2000,26/5/2020,ES
"LOTE 13  Descrição: MEDICAMENTOS GERAIS DE USO HUMANO, PRINCIPIO/CONCENTRACAO1: RINGER LACTATO, FORMA FARMACEUTICA: SOLUCAO INJETAVEL, FORMA DE APRESENTACAO: BOLSA/FRASCO SISTEMA FECHADO 500ML, VIA ADMINISTRACAO: INTRAVENOSA, UNIDADE DE FORNECIMENTO: BOLSA/FRASCO SISTEMA FECHADO AQUISIÇÃO DE MATERIAL FARMACOLÓGICO - ",3.0,1500,26/5/2020,ES
"LOTE 14 - Descrição: MEDICAMENTOS GERAIS DE USO HUMANO, PRINCIPIO/CONCENTRACAO1: CLORETO DE SODIO 0,9% (0,154 MEQ/ML), FORMA FARMACEUTICA: SOLUCAO INJETAVEL, FORMA DE APRESENTACAO: BOLSA/FRASCO SISTEMA FECHADO 250ML, VIA ADMINISTRACAO: INTRAVENOSA, UNIDADE DE FORNECIMENTO: BOLSA/FRASCO SISTEMA FECHADO AQUISIÇÃO DE MATERIAL FARMACOLÓGICO. PARA USO NO COMBATE AO COVID19.",2.0,300,26/5/2020,ES
"LOTE 15 - Descrição: MEDICAMENTOS GERAIS DE USO HUMANO, PRINCIPIO/CONCENTRACAO1: CLORETO DE SODIO 0,9% (0,154 MEQ/ML), FORMA FARMACEUTICA: SOLUCAO INJETAVEL, FORMA DE APRESENTACAO: BOLSA/FRASCO SISTEMA FECHADO 500 ML, VIA ADMINISTRACAO: INTRAVENOSA, UNIDADE DE FORNECIMENTO: BOLSA/FRASCO SISTEMA FECHADO AQUISIÇÃO DE MATERIAL FARMACOLÓGICO - PARA USO NO COMBATE AO COVID19.",3.0,1000,26/5/2020,ES
"LOTE 21 - Descrição: MEDICAMENTOS GERAIS DE USO HUMANO, PRINCIPIO/CONCENTRACAO1: EPINEFRINA, HEMITARTARATO 1MG/ML, FORMA FARMACEUTICA: SOLUCAO INJETAVEL, FORMA DE APRESENTACAO: AMPOLA 1ML, VIA ADMINISTRACAO: INTRAVENOSA/SUBCUTANEA, UNIDADE DE FORNECIMENTO: AMPOLA AQUISIÇÃO DE MATERIAL FARMACOLÓGICO -PARA USO NO COMBATE AO COVID19.",1.0,200,26/5/2020,ES
"LOTE 23- Descrição: MEDICAMENTOS GERAIS DE USO HUMANO, PRINCIPIO/CONCENTRACAO1: NITROPRUSSETO SODICO 50MG, FORMA FARMACEUTICA: PO LIOFILO PARA SOLUCAO INJETAVEL+SOLUCAO DILUENTE, FORMA DE APRESENTACAO: FRASCOAMPOLA+AMPOLA DILUENTE 2ML, VIA ADMINISTRACAO: INTRAVENOSPARA USO NO COMBATE AO COVID19.",14.0,200,26/5/2020,ES
"LOTE 17 - Descrição: MEDICAMENTOS ANTIBIOTICO, PRINCIPIO/CONCENTRACAO1: AZITROMICINA DIIDRATADA 500MG, FORMA FARMACEUTICA: PO LIOFILO PARA SOLUCAO INJETAVEL, FORMA DE APRESENTACAO: FRASCO-AMPOLA, VIA ADMINISTRACAO: INTRAVENOSA, VALIDADE: 12 MESES - A PARTIR DA DATA DE ENTREGA, UNIDADE DE FORNECIMENTO: FRASCO-AMPOLA PARA USO NO COMBATE AO COVID19.",87.0,500,26/5/2020,ES
"LOTE 01 - Descrição: MEDICAMENTOS ANTIBIOTICOS, PRINCIPIO / CONCENTRACAO 1 : CEFTRIAXONA 1G , FORMA FARMACEUTICA: PO (OU PO LIOFILIZADO) PARA SOLUCAO INJETAVEL, FORMA DE APRESENTACAO: FRASCO-AMPOLA, VIA DE ADMINISTRACAO: INTRAVENOSA,UNIDADE DE FORNECIMENTO: FRASCO-AMPOLA,UNIDADE DE MEDIDA: FRASCOAMPOLA AQUISIÇÃO DE MATERIAL FARMACOLÓGICO PARA USO NO COMBATE AO COVID19.",10.0,3500,26/5/2020,ES
"LOTE 24 -Descrição: MEDICAMENTOS GERAIS DE USO HUMANO, PRINCIPIO/CONCENTRACAO1: CLORETO DE SODIO 0,9%, FORMA FARMACEUTICA: SOLUCAO INJETAVEL, FORMA DE APRESENTACAO: AMPOLA 10ML, VIA ADMINISTRACAO: INTRAVENOSA, UNIDADE DE FORNECIMENTO: AMPOLA. PARA USO NO COMBATE AO COVID19.",0.0,2800,26/5/2020,ES
"LOTE 03 - Descrição: MEDICAMENTOS ANTIBIOTICOS, PRINCIPIO / CONCENTRACAO 1 : CLARITROMICINA 500MG , FORMA FARMACEUTICA: COMPRIMIDO REVESTIDO, FORMA DE APRESENTACAO: BLISTER, VIA DE ADMINISTRACAO: ORAL, UNIDADE DE FORNECIMENTO: COMPRIMIDO,UNIDADE DE MEDIDA: COMPRIMIDO. PARA USO NO COMBATE AO COVID19.",5.0,1200,26/5/2020,ES
"LOTE 01 - ITEM 01 - Descrição: LUVA SEGURANCA BORRACHA NITRILICA, COR: VERDE, PALMA: ANTIDERRAPANTE NA PALMA E NA FACE PALMAR DOS DEDOS, ACABAMENTO INTERNO: LISO IMPERMEABILIDADE: IMPERMEAVEL, PUNHO: LONGO SEM FORRO, COMPRIMENTO: APROXIMADAMENTE 45 CM, TAMANHO: PEQUENO (P), REGISTRO: CERTIFICADO DE APROVACAO DO MINISTERIO DO TRABALHO E EMPREGO, UNIDADE DE FORNECIMENTO: PAR.  PROTEÇÃO E SEGURANÇA - PARA USO NO COMBATE AO COVID19.",21.0,110,27/5/2020,ES
"LOTE 01 - ITEM 02 - Descrição: LUVA SEGURANCA BORRACHA NITRILICA, COR: VERDE, PALMA: ANTIDERRAPANTE NA PALMA E NA FACE PALMAR DOS DEDOS, ACABAMENTO INTERNO: LISO IMPERMEABILIDADE: IMPERMEAVEL, PUNHO: LONGO SEM FORRO, COMPRIMENTO: APROXIMADAMENTE 45 CM, TAMANHO: MEDIO (M), REGISTRO: CERTIFICADO DE APROVACAO DO MINISTERIO DO TRABALHO E EMPREGO, UNIDADE DE FORNECIMENTO: PAR. CÓD SIGA 106659. PARA USO NO COMBATE AO COVID19.",21.0,110,27/5/2020,ES
"LOTE 01 - ITEM 03 - Descrição: LUVA SEGURANCA BORRACHA NITRILICA, COR: VERDE, PALMA: ANTIDERRAPANTE NA PALMA E NA FACE PALMAR DOS DEDOS, ACABAMENTO INTERNO: LISO IMPERMEABILIDADE: IMPERMEAVEL, PUNHO: LONGO SEM FORRO, COMPRIMENTO: APROXIMADAMENTE 45 CM, TAMANHO: GRANDE (G), REGISTRO: CERTIFICADO DE APROVACAO DO MINISTERIO DO TRABALHO E EMPREGO, UNIDADE DE FORNECIMENTO: PAR. CÓD SIGA 106660. PARA USO NO COMBATE AO COVID19.",21.0,10,27/5/2020,ES
"LOTE 02 - ITEM 01- Descrição: BOTA, MATERIAL: BORRACHA VULCANIZADA (PVC), Nº 36, FORRO INTERNO: SIM, MATERIAL DO FORRO: POLIESTER OU SIMILAR, COR: BRANCA, CONFORTAVEL, SOLADO ANTIDERRAPANTE, ALTURA DO CANO: 330MM, ESPESSURA DO SOLADO: APROX. 20MM, ALTURA SALTO: APROX. 30MM, CERTIFICADO DE APROVACAO EMITIDO PELO MINISTERIO DO TRABALHO E EMPREGO (MTE): SIM, PRAZO DE VALIDADE CONTADO A PARTIR DO ANO DE ENTREGA, PRODUTO PADRONIZADO DE ACORDO COM A NORMA EN344, UNIDADE DE FORNECIMENTO: PAR. COD. SIGA 148104 . PARA USO NO COMBATE AO COVID19.",28.0,46,27/5/2020,ES
"LOTE 02 - ITEM 02 - Descrição: BOTA, MATERIAL: BORRACHA VULCANIZADA (PVC), Nº 38, FORRO INTERNO: SIM, MATERIAL DO FORRO: POLIESTER OU SIMILAR, COR: BRANCA, CONFORTAVEL, SOLADO ANTIDERRAPANTE, ALTURA DO CANO: 330MM, ESPESSURA DO SOLADO: APROX. 20MM, ALTURA SALTO: APROX. 30MM, CERTIFICADO DE APROVACAO EMITIDO PELO MINISTERIO DO TRABALHO E EMPREGO (MTE): SIM, PRAZO DE VALIDADE CONTADO A PARTIR DO ANO DE ENTREGA, PRODUTO PADRONIZADO DE ACORDO COM A NORMA EN344, UNIDADE DE FORNECIMENTO: PAR. CÓD. SIGA 148106 . PARA USO NO COMBATE AO COVID19.",28.0,46,27/5/2020,ES
"LOTE 02 - ITEM 03 - Descrição: BOTA, MATERIAL: BORRACHA VULCANIZADA (PVC), Nº 40, FORRO INTERNO: SIM, MATERIAL DO FORRO: POLIESTER OU SIMILAR, COR: BRANCA, CONFORTAVEL, SOLADO ANTIDERRAPANTE, ALTURA DO CANO: 330MM, ESPESSURA DO SOLADO: APROX. 20MM, ALTURA SALTO: APROX. 30MM, CERTIFICADO DE APROVACAO EMITIDO PELO MINISTERIO DO TRABALHO E EMPREGO (MTE): SIM, PRAZO DE VALIDADE CONTADO A PARTIR DO ANO DE ENTREGA, PRODUTO PADRONIZADO DE ACORDO COM A NORMA EN344, UNIDADE DE FORNECIMENTO: PAR. CÓD SIGA 148108 . PARA USO NO COMBATE AO COVID19.",28.0,46,27/5/2020,ES
"LOTE 02 - ITEM 04 - Descrição: BOTA, MATERIAL: BORRACHA VULCANIZADA (PVC), Nº 42, FORRO INTERNO: SIM, MATERIAL DO FORRO: POLIESTER OU SIMILAR, COR: BRANCA, CONFORTAVEL, SOLADO ANTIDERRAPANTE, ALTURA DO CANO: 330MM, ESPESSURA DO SOLADO: APROX. 20MM, ALTURA SALTO: APROX. 30MM, CERTIFICADO DE APROVACAO EMITIDO PELO MINISTERIO DO TRABALHO E EMPREGO (MTE): SIM, PRAZO DE VALIDADE CONTADO A PARTIR DO ANO DE ENTREGA, PRODUTO PADRONIZADO DE ACORDO COM A NORMA EN344, UNIDADE DE FORNECIMENTO: PAR. CÓD SIGA 148110. PARA USO NO COMBATE AO COVID19.",28.0,34,27/5/2020,ES
"LOTE 01 - ITEM 01- Descrição: MÁSCARA TIPO RESPIRADOR PFF-2, MASCARA N95, CONSTITUIDO EM FORMATO BICO DE PATO, RESISTENTE A FLUÍDOS, COM CÂMARA QUE FACILITE A RESPIRAÇÃO, NÍVEIS DE VEDAÇÃO COM AJUSTE ADEQUADO, COMPOSTO POR 4 CAMADAS, CONFECCIONADAS EM NÃO TECIDO DE ALTA DENSIDADE, ABSORÇÃO QUE FILTRA MICOORGANISMOS, PARTÍCULAS E 95% DE AEROSSÓIS DE ATÉ 0,3 MICRA, INDICADO PARA PROTEÇÃO DAS VIAS RESPIRATÓRIAS DO PROFISSIONAL DE SAÚDE CONTRA DOENÇAS TRANSMITIDAS POR AEROSSÓIS, PRINCIPALMENTE O BACILO DA TUBERCULOSE, COM C. A. DO MINISTÉRIO DO TRABALHO, DEVE ATENDER AS NORMAS DA ABNT PARA PEÇA SEMIFACIAL FILTRANTE E TESTES REALIZADOS PELA FUNDACENTRO. CÓD SIGA 35190.PARA USO NO COMBATE AO COVID19.",6.0,1000,28/5/2020,ES
"EDTA DISSODICO PA, ACS EDTA PARA ANÁLISE - AQUISIÇÃO DE REAGENTES PARA DIAGNÓSTICO POR RT-QPCR DO NOVO CORANAVÍRUS REALIZADO NO LACEN.",3.0,100,29/5/2020,ES
ISOTIOCIANATO DE GUANIDINA - AQUISIÇÃO DE REAGENTES PARA DIAGNÓSTICO POR RT-QPCR DO NOVO CORANAVÍRUS REALIZADO NO LACEN.,6.0,2000,29/5/2020,ES
TRITON X-100 - AQUISIÇÃO DE REAGENTES PARA DIAGNÓSTICO POR RT-QPCR DO NOVO CORANAVÍRUS REALIZADO NO LACEN.,1.0,500,29/5/2020,ES
TRIS (HIDROXIMETIL) AMINOMETANO PA - AQUISIÇÃO DE REAGENTES PARA DIAGNÓSTICO POR RT-QPCR DO NOVO CORANAVÍRUS REALIZADO NO LACEN.,1113.0,2,29/5/2020,ES
DIETIL PIROCARBONATO - AQUISIÇÃO DE REAGENTES PARA DIAGNÓSTICO POR RT-QPCR DO NOVO CORANAVÍRUS REALIZADO NO LACEN.,5320.0,1,29/5/2020,ES
HIDROXIDO DE SÓDIO - AQUISIÇÃO DE REAGENTES PARA DIAGNÓSTICO POR RT-QPCR DO NOVO CORANAVÍRUS REALIZADO NO LACEN.,175.0,1,29/5/2020,ES
ÁCIDO CLORÍDRICO - AQUISIÇÃO DE REAGENTES PARA DIAGNÓSTICO POR RT-QPCR DO NOVO CORANAVÍRUS REALIZADO NO LACEN.,110.0,1,29/5/2020,ES
ALFA-CASEINA PARA BIOLOGIA MOLECULAR - AQUISIÇÃO DE REAGENTES PARA DIAGNÓSTICO POR RT-QPCR DO NOVO CORANAVÍRUS REALIZADO NO LACEN.,2370.0,1000,29/5/2020,ES
ALCOOL ISOPROPÍLICO - AQUISIÇÃO DE REAGENTES PARA DIAGNÓSTICO POR RT-QPCR DO NOVO CORANAVÍRUS REALIZADO NO LACEN.,99.0,40,29/5/2020,ES
VENTILADOR PULMONAR ELETRÔNICO MICROPROCESSADO PARA PACIENTES PEDIÁTRICOS E ADULTOS,73710.0,100,27/5/2020,ES
MATERIAL DE CONSUMO PARA SER UTILIZADO NO INQUÉRITO EPIDEMIOLÓGICO (ALGODÃO HIDRÓFILO EM ROLO),10.0,430,02/06/2020,ES
MATERIAL DE CONSUMO PARA SER UTILIZADO NO INQUÉRITO EPIDEMIOLÓGICO (AVENTAL PROCEDIMENTO HOSPITALAR),8.0,45000,02/06/2020,ES
MATERIAL DE CONSUMO PARA SER UTILIZADO NO INQUÉRITO EPIDEMIOLÓGICO (LUVAS DE PROCEDIMENTO TAMANHO G - CAIXA COM 100 UN.),33.0,1400,02/06/2020,ES
MATERIAL DE CONSUMO PARA SER UTILIZADO NO INQUÉRITO EPIDEMIOLÓGICO (CAIXA COLETORA DE RESÍDUOS),3.0,450,02/06/2020,ES
AQUISIÇÃO DE REAGENTES PARA DIAGNÓSTICO COVID-19 POR RT-QPCR - ALCOOL ETILICO ABSOLUTO PA,250.0,100,05/06/2020,ES
AQUISIÇÃO MATERIAL SERRALHERIA (CHAPA DE AÇO GALVANIZADA,5.0,248,28/04/2020,ES
AQUISIÇÃO MATERIAL SERRALHERIA (ELETRODO REVESTIDO AWS E-6013),10.0,4,28/04/2020,ES
"INSUMOS PARA PREPARO DE MATERIAIS E MEIO DE CULTURA PARA ANÁLISES LABORATORIAIS RELATIVAS A COVID-19 (SERINGA DESCARTAVEL PARA INSULINA, CAPACIDADE: 1 ML/100UI)",1.0,300,9/6/2020,ES
"INSUMOS PARA PREPARO DE MATERIAIS E MEIO DE CULTURA PARA ANÁLISES LABORATORIAIS RELATIVAS A COVID-19 (PAPEL GRAU CIRURGICO, TIPO: BOBINA TUBULAR (ENVELOPE)",22.0,70,9/6/2020,ES
"INSUMOS PARA PREPARO DE MATERIAIS E MEIO DE CULTURA PARA ANÁLISES LABORATORIAIS RELATIVAS A COVID-19 (PAPEL GRAU CIRURGICO, TIPO: BOBINA TUBULAR (ENVELOPE)",33.0,60,9/6/2020,ES
"INSUMOS PARA PREPARO DE MATERIAIS E MEIO DE CULTURA PARA ANÁLISES LABORATORIAIS RELATIVAS A COVID-19 (CALDO, NOME: CALDO TRYPTOSE FOSFATO)",1.0,12000,9/6/2020,ES
INSUMOS PARA PREPARO DE MATERIAIS E MEIO DE CULTURA PARA ANÁLISES LABORATORIAIS RELATIVAS A COVID-19 (GELATINA BACTERIOLOGICA),0.0,1000,9/6/2020,ES
LOCAÇÃO  EQUIPAMENTO COM SISTEMA TOTALMENTE AUTOMATIZADO PARA REACOES DE  LISA OU QUIMILUMINESCENCIA/ELETROQUIMIOLUMINESCENCIA PARA REALIZACAO DE TESTES,5600.0,6,4/6/2020,ES
AQUISIÇÃO DE MATERIAIS PARA O LABORATÓRIO DE SOROLOGIA DO HEMOES - ENSAIO  MUNOENZIMÁTICO OU QUIMIOLUMINESCENTE/ ELETROQUIMIOLUMINESCENTE PARA DETERMINAÇÃO QUALITATIVA E SEMIQUALITATIVA DE IMUNOGLOBULINA DE CLASSE IGG PARA O NOVO CORONAVÍRUS,60.0,8000,5/6/2020,ES
AQUISIÇÃO DE MATERIAIS PARA O LABORATÓRIO DE SOROLOGIA DO HEMOES -  ENSAIO IMUNOENZIMÁTICO OU QUIMIOLUMINESCENTE ELETROQUIMIOLUMINESCENTE PARA DETERMINAÇÃO QUALITATIVA E SEMIQUALITATIVA DE IMUNOGLOBULINA DE CLASSE IGM OU IGA PARA O NOVO CORONAVÍRUS,60.0,8000,5/6/2020,ES
FILTRO HEPA PARA FILTRAÇÃO DE BACTÉRIAS E VÍRUS. PREVINE A INFECÇÃO CRUZADA ENTRE O PACIENTE E O EQUIPAMENTO DE VENTILAÇÃO MECÂNICA E APARELHO DE ANESTESIA.,21.0,3120,8/6/2020,ES
"CANTONEIRA FERRO GALVANIZADO DE ABAS IGUAIS, 2"" X 3/8"" (L X E), 6,9 KG/M.",38.0,378,08/06/20,ES
"CHUMBADOR DE ACO TIPO PARABOLT, * 5/8"" X 200* MM, COM PORCA E ARRUELA.",12.0,756,08/06/20,ES
"CABO DE ACO GALVANIZADO, DIAMETRO 9,53 MM (3/8""), COM ALMA DE FIBRA 6 X 25 F PLASTIFICADO.",10.0,1512,08/06/20,ES
"ELETRODO REVESTIDO AWS E-6013, DIAMETRO IGUAL A 2,50 MM, UNIDADE DE FORNECIMENTO: KG.",20.0,189,08/06/20,ES
ANILHA MANILHA RETA PARA CABO DE AÇO 5/8.,20.0,756,08/06/20,ES
